timestamp,open,high,low,close,volume
2026-06-05 03:02:00,63461.86,63461.86,63428.96,63434.04,9.36313431
2026-06-05 03:03:00,63434.04,63459.99,63404.68,63408.28,11.70094801
2026-06-05 03:04:00,63408.28,63408.29,63309.26,63332.7,9.72014936
2026-06-05 03:05:00,63318.93,63339.0,63283.3,63312.92,10.525035
2026-06-05 03:06:00,63294.0,63319.04,63217.91,63219.74,12.15173823
2026-06-05 03:07:00,63212.3,63228.28,63194.3,63197.92,9.02787929
2026-06-05 03:08:00,63198.7,63236.12,63184.1,63220.85,12.68690792
2026-06-05 03:09:00,63215.03,63297.1,63215.02,63288.46,5.01988472
2026-06-05 03:10:00,63288.46,63374.56,63280.8,63355.37,23.11929471
2026-06-05 03:11:00,63339.0,63371.72,63335.0,63362.11,9.73846585
2026-06-05 03:12:00,63359.59,63468.98,63354.2,63431.89,9.47540159
2026-06-05 03:13:00,63431.9,63441.38,63417.0,63430.73,7.42835792
2026-06-05 03:14:00,63430.73,63449.98,63424.24,63444.0,5.4731791
2026-06-05 03:15:00,63444.44,63472.82,63422.24,63422.24,14.3855424
2026-06-05 03:16:00,63422.24,63462.67,63376.63,63452.65,9.08207114
2026-06-05 03:17:00,63452.65,63476.84,63400.75,63400.75,10.55961886
2026-06-05 03:18:00,63400.75,63406.75,63363.39,63368.97,21.5284058
2026-06-05 03:19:00,63362.72,63366.12,63299.51,63305.3,6.76526184
2026-06-05 03:20:00,63310.66,63352.88,63298.41,63321.0,10.69636758
2026-06-05 03:21:00,63317.22,63340.44,63272.33,63302.27,8.64861247
2026-06-05 03:22:00,63302.26,63320.38,63259.04,63264.29,13.14302613
2026-06-05 03:23:00,63260.73,63277.57,63254.32,63254.32,8.92625088
2026-06-05 03:24:00,63251.36,63273.93,63239.11,63266.01,3.39841818
2026-06-05 03:25:00,63266.0,63306.95,63234.18,63266.89,14.2117231
2026-06-05 03:26:00,63260.68,63260.68,63144.19,63144.2,8.08110951
2026-06-05 03:27:00,63153.87,63162.55,63122.82,63133.06,15.20094655
2026-06-05 03:28:00,63133.07,63179.63,63133.07,63156.58,6.48250101
2026-06-05 03:29:00,63156.59,63276.65,63146.29,63272.5,8.54445728
2026-06-05 03:30:00,63284.32,63382.6,63271.25,63361.07,7.08276314
2026-06-05 03:31:00,63369.89,63437.45,63342.21,63425.1,2.3273612
2026-06-05 03:32:00,63441.45,63454.48,63437.0,63451.0,1.0261729
2026-06-05 03:33:00,63443.43,63467.35,63443.43,63458.38,0.62815217
2026-06-05 03:34:00,63458.38,63488.33,63452.0,63485.1,0.70219192
2026-06-05 03:35:00,63485.1,63485.1,63405.39,63410.01,15.21043948
2026-06-05 03:36:00,63410.02,63423.0,63381.5,63390.0,10.239526
2026-06-05 03:37:00,63390.0,63461.99,63390.0,63444.37,10.36878463
2026-06-05 03:38:00,63444.37,63450.72,63415.86,63417.2,5.47529602
2026-06-05 03:39:00,63417.21,63464.2,63415.86,63446.01,9.848497
2026-06-05 03:40:00,63446.01,63547.53,63446.01,63538.84,6.85222032
2026-06-05 03:41:00,63542.53,63580.51,63520.01,63575.75,9.22297218
2026-06-05 03:42:00,63575.75,63575.75,63551.08,63571.02,9.07370067
2026-06-05 03:43:00,63580.39,63615.66,63538.01,63548.44,11.78893063
2026-06-05 03:44:00,63538.04,63545.93,63499.81,63499.81,8.17766286
2026-06-05 03:45:00,63499.81,63560.99,63499.81,63546.99,4.65112291
2026-06-05 03:46:00,63549.99,63558.72,63523.1,63523.1,10.53997381
2026-06-05 03:47:00,63523.09,63537.26,63375.3,63375.3,17.25590488
2026-06-05 03:48:00,63375.3,63453.06,63375.3,63453.06,8.48942878
2026-06-05 03:49:00,63453.07,63507.32,63444.76,63489.19,12.63231147
2026-06-05 03:50:00,63472.18,63501.81,63446.95,63501.81,5.89022167
2026-06-05 03:51:00,63501.81,63515.72,63432.34,63432.34,7.65492281
2026-06-05 03:52:00,63430.56,63516.21,63430.56,63474.65,6.02631804
2026-06-05 03:53:00,63474.65,63480.74,63435.01,63435.01,18.16907088
2026-06-05 03:54:00,63435.0,63510.11,63435.0,63510.11,2.96200301
2026-06-05 03:55:00,63510.11,63552.08,63510.11,63532.37,5.5151536
2026-06-05 03:56:00,63542.0,63577.52,63542.0,63556.66,10.28896712
2026-06-05 03:57:00,63556.67,63556.67,63481.91,63513.0,10.62296503
2026-06-05 03:58:00,63520.58,63559.85,63510.86,63548.54,5.5507203
2026-06-05 03:59:00,63546.66,63618.48,63546.66,63584.09,6.32314742
2026-06-05 04:00:00,63580.02,63605.81,63548.66,63605.8,11.19437906
2026-06-05 04:01:00,63629.91,63633.41,63561.51,63599.47,10.04067759
2026-06-05 04:02:00,63629.97,63716.0,63629.97,63649.09,18.29227162
2026-06-05 04:03:00,63636.41,63715.0,63636.41,63715.0,3.82605562
2026-06-05 04:04:00,63701.08,63708.0,63676.14,63697.56,6.44151767
2026-06-05 04:05:00,63697.56,63761.77,63697.56,63761.77,8.24068001
2026-06-05 04:06:00,63761.81,63797.5,63708.01,63729.23,2.66547217
2026-06-05 04:07:00,63718.74,63797.03,63704.75,63797.03,7.57638086
2026-06-05 04:08:00,63777.08,63777.08,63736.04,63749.44,0.73708664
2026-06-05 04:09:00,63749.99,63797.49,63749.99,63789.29,0.77178498
2026-06-05 04:10:00,63788.0,63819.7,63767.95,63819.7,2.83739038
2026-06-05 04:11:00,63811.0,63811.0,63683.27,63683.27,1.70758917
2026-06-05 04:12:00,63704.94,63782.43,63700.0,63782.43,1.23955301
2026-06-05 04:13:00,63768.57,63768.57,63708.26,63722.15,0.65151885
2026-06-05 04:14:00,63735.94,63748.01,63719.01,63738.0,0.31861349
2026-06-05 04:15:00,63745.73,63755.64,63702.11,63743.0,1.26259325
2026-06-05 04:16:00,63748.99,63760.93,63695.23,63706.36,4.08451285
2026-06-05 04:17:00,63695.34,63707.03,63676.0,63676.0,5.66091287
2026-06-05 04:18:00,63669.25,63669.25,63579.0,63582.27,3.40729661
2026-06-05 04:19:00,63588.49,63625.02,63529.99,63623.98,5.24840375
2026-06-05 04:20:00,63623.98,63627.0,63587.0,63587.0,2.71616631
2026-06-05 04:21:00,63581.67,63581.68,63482.26,63490.8,3.43056758
2026-06-05 04:22:00,63493.21,63495.77,63445.0,63455.66,2.28454511
2026-06-05 04:23:00,63456.86,63500.0,63456.86,63500.0,1.75090364
2026-06-05 04:24:00,63502.0,63553.78,63493.37,63493.37,2.41614375
2026-06-05 04:25:00,63506.35,63542.99,63488.6,63540.22,2.39089362
2026-06-05 04:26:00,63533.9,63585.34,63521.01,63575.99,2.27201105
2026-06-05 04:27:00,63591.23,63591.23,63479.83,63492.05,4.95597535
2026-06-05 04:28:00,63485.6,63494.98,63401.32,63412.67,5.48145767
2026-06-05 04:29:00,63409.74,63450.38,63380.68,63434.87,2.6798267
2026-06-05 04:30:00,63452.0,63463.98,63433.78,63433.78,0.70410731
2026-06-05 04:31:00,63433.78,63433.78,63354.11,63377.19,3.04870021
2026-06-05 04:32:00,63362.51,63400.01,63362.51,63394.92,0.90075945
2026-06-05 04:33:00,63394.93,63453.35,63384.4,63384.4,0.90383294
2026-06-05 04:34:00,63370.26,63371.92,63322.64,63371.92,1.1540392
2026-06-05 04:35:00,63381.8,63396.57,63320.95,63329.43,0.97452154
2026-06-05 04:36:00,63343.44,63360.25,63289.41,63299.79,1.54753815
2026-06-05 04:37:00,63299.78,63322.52,63235.0,63304.07,3.43518131
2026-06-05 04:38:00,63322.56,63366.77,63291.1,63291.1,0.82084689
2026-06-05 04:39:00,63291.11,63308.06,63226.94,63246.0,1.29105919
2026-06-05 04:40:00,63250.64,63250.64,63150.65,63155.0,4.3715642
2026-06-05 04:41:00,63141.97,63208.24,63061.0,63208.24,4.16306085
2026-06-05 04:42:00,63208.23,63325.0,63183.53,63286.03,2.00405674
2026-06-05 04:43:00,63286.02,63377.19,63286.02,63377.19,1.07410773
2026-06-05 04:44:00,63377.18,63432.67,63326.52,63432.67,3.08059448
2026-06-05 04:45:00,63439.85,63479.0,63395.17,63406.81,4.88144093
2026-06-05 04:46:00,63397.46,63414.12,63313.0,63357.7,2.84386844
2026-06-05 04:47:00,63347.48,63398.22,63333.01,63389.66,1.03606062
2026-06-05 04:48:00,63399.0,63420.0,63371.77,63404.27,1.93967868
2026-06-05 04:49:00,63388.0,63401.61,63350.43,63350.44,1.24355295
2026-06-05 04:50:00,63350.43,63350.44,63289.01,63304.28,0.92009364
2026-06-05 04:51:00,63304.27,63320.01,63304.27,63313.34,0.28849248
2026-06-05 04:52:00,63313.77,63313.77,63280.31,63302.96,0.3899284
2026-06-05 04:53:00,63307.45,63380.64,63307.45,63350.03,0.37174664
2026-06-05 04:54:00,63360.88,63413.29,63360.88,63394.65,1.12449742
2026-06-05 04:55:00,63387.01,63387.01,63216.99,63216.99,1.80760005
2026-06-05 04:56:00,63238.5,63279.92,63205.87,63222.41,1.29729766
2026-06-05 04:57:00,63202.46,63264.24,63202.46,63264.24,0.90989669
2026-06-05 04:58:00,63268.59,63268.59,63223.0,63241.9,0.69669272
2026-06-05 04:59:00,63252.81,63252.81,63208.0,63226.0,1.34735891
2026-06-05 05:00:00,63222.05,63241.52,63145.46,63239.87,4.10766054
2026-06-05 05:01:00,63229.0,63348.37,63216.28,63338.96,3.2779242
2026-06-05 05:02:00,63310.58,63390.82,63301.99,63390.82,2.16888644
2026-06-05 05:03:00,63390.82,63440.5,63352.62,63374.75,2.50261242
2026-06-05 05:04:00,63398.45,63398.45,63235.97,63253.69,5.76072637
2026-06-05 05:05:00,63251.82,63331.68,63215.37,63255.99,6.16685448
2026-06-05 05:06:00,63229.17,63283.0,63179.13,63224.31,4.92927516
2026-06-05 05:07:00,63221.6,63221.6,63135.17,63178.51,3.00947432
2026-06-05 05:08:00,63178.51,63223.65,63131.03,63203.3,4.60865216
2026-06-05 05:09:00,63181.58,63313.45,63181.58,63226.89,6.71838615
2026-06-05 05:10:00,63207.01,63254.96,63172.0,63205.06,5.28198413
2026-06-05 05:11:00,63218.09,63318.97,63193.45,63315.43,4.19262022
2026-06-05 05:12:00,63302.73,63340.85,63257.13,63307.08,2.498694
2026-06-05 05:13:00,63301.06,63317.08,63165.83,63165.83,1.18915877
2026-06-05 05:14:00,63179.5,63265.85,63150.0,63232.01,3.58523987
2026-06-05 05:15:00,63232.0,63320.49,63223.47,63308.51,1.63147067
2026-06-05 05:16:00,63270.01,63305.26,63225.67,63266.96,3.26390327
2026-06-05 05:17:00,63281.79,63384.77,63261.4,63343.02,3.96875981
2026-06-05 05:18:00,63343.01,63343.01,63271.08,63312.25,4.2825125
2026-06-05 05:19:00,63311.51,63344.96,63275.99,63342.92,1.83256316
2026-06-05 05:20:00,63328.09,63328.09,63278.38,63320.68,1.33451941
2026-06-05 05:21:00,63331.1,63341.34,63274.82,63274.82,0.7825639
2026-06-05 05:22:00,63281.26,63312.65,63246.53,63283.36,2.4534956
2026-06-05 05:23:00,63283.35,63374.35,63282.76,63345.0,1.12957227
2026-06-05 05:24:00,63332.0,63387.61,63311.37,63313.94,1.88650121
2026-06-05 05:25:00,63328.14,63335.24,63248.37,63289.0,2.42438702
2026-06-05 05:26:00,63289.01,63295.33,63244.9,63295.33,1.46617899
2026-06-05 05:27:00,63312.29,63344.87,63283.79,63343.4,2.72868786
2026-06-05 05:28:00,63343.4,63381.45,63298.52,63316.24,0.97033461
2026-06-05 05:29:00,63316.24,63316.25,63263.13,63288.32,1.18082868
2026-06-05 05:30:00,63277.29,63317.11,63236.73,63278.3,3.05426164
2026-06-05 05:31:00,63279.77,63347.29,63251.6,63256.0,1.40493249
2026-06-05 05:32:00,63265.43,63297.31,63223.0,63285.77,2.69193408
2026-06-05 05:33:00,63275.16,63317.96,63216.34,63218.8,1.20469458
2026-06-05 05:34:00,63218.79,63257.87,63179.14,63179.14,2.63369093
2026-06-05 05:35:00,63182.77,63333.6,63182.53,63333.59,0.60183696
2026-06-05 05:36:00,63318.18,63370.78,63264.9,63332.99,3.94759875
2026-06-05 05:37:00,63319.01,63342.91,63257.07,63270.9,4.47365821
2026-06-05 05:38:00,63270.03,63359.32,63257.07,63359.32,0.68471611
2026-06-05 05:39:00,63353.03,63406.38,63283.0,63402.32,7.25453272
2026-06-05 05:40:00,63411.76,63472.72,63382.89,63469.98,1.22272626
2026-06-05 05:41:00,63469.98,63519.57,63425.94,63472.55,4.93359867
2026-06-05 05:42:00,63468.79,63476.17,63407.35,63449.07,1.79507031
2026-06-05 05:43:00,63449.07,63453.95,63404.0,63404.0,1.76882201
2026-06-05 05:44:00,63407.17,63462.76,63405.26,63445.65,3.23355992
2026-06-05 05:45:00,63434.0,63494.25,63434.0,63481.01,6.47209181
2026-06-05 05:46:00,63481.01,63500.93,63369.31,63392.45,2.23023548
2026-06-05 05:47:00,63392.45,63460.29,63392.45,63460.29,1.24210834
2026-06-05 05:48:00,63460.29,63602.54,63459.44,63578.98,1.9623292
2026-06-05 05:49:00,63584.58,63587.05,63537.84,63544.11,1.72990263
2026-06-05 05:50:00,63561.1,63572.0,63504.69,63505.41,1.49565216
2026-06-05 05:51:00,63513.18,63545.18,63469.44,63545.18,1.44886251
2026-06-05 05:52:00,63545.19,63549.91,63516.02,63540.86,1.20921162
2026-06-05 05:53:00,63540.85,63597.53,63540.85,63577.69,2.65786382
2026-06-05 05:54:00,63577.69,63582.42,63558.4,63576.0,0.50150928
2026-06-05 05:55:00,63575.99,63587.76,63555.0,63569.42,1.67366243
2026-06-05 05:56:00,63570.19,63623.97,63559.63,63603.66,2.17141999
2026-06-05 05:57:00,63611.02,63697.75,63611.02,63667.18,1.02374736
2026-06-05 05:58:00,63666.0,63697.75,63627.46,63670.51,1.00259605
2026-06-05 05:59:00,63673.32,63701.46,63667.72,63672.14,0.98782207
2026-06-05 06:00:00,63672.13,63679.34,63622.34,63679.34,0.77598501
2026-06-05 06:01:00,63694.21,63694.21,63605.48,63644.51,1.08617668
2026-06-05 06:02:00,63651.52,63659.99,63626.95,63634.88,1.09725079
2026-06-05 06:03:00,63626.92,63677.85,63617.35,63677.85,1.50308494
2026-06-05 06:04:00,63678.92,63776.78,63676.1,63756.76,1.12533715
2026-06-05 06:05:00,63771.29,63776.42,63729.46,63739.65,0.73477152
2026-06-05 06:06:00,63751.75,63751.75,63692.03,63705.77,1.34259475
2026-06-05 06:07:00,63705.77,63775.66,63705.77,63765.41,1.84262163
2026-06-05 06:08:00,63754.07,63780.0,63707.56,63721.6,1.34854055
2026-06-05 06:09:00,63733.03,63733.03,63685.18,63702.39,0.87709952
2026-06-05 06:10:00,63695.34,63705.82,63596.89,63596.89,1.3809872
2026-06-05 06:11:00,63596.89,63608.02,63578.01,63579.76,0.09473345
2026-06-05 06:12:00,63572.62,63611.98,63571.01,63584.99,0.71564139
2026-06-05 06:13:00,63580.93,63596.31,63547.29,63570.81,1.21536918
2026-06-05 06:14:00,63572.99,63573.0,63544.0,63544.0,0.56035486
2026-06-05 06:15:00,63530.78,63554.19,63501.02,63536.55,0.80395732
2026-06-05 06:16:00,63533.83,63555.07,63493.6,63493.6,0.43548261
2026-06-05 06:17:00,63493.0,63493.0,63444.01,63444.01,1.47916422
2026-06-05 06:18:00,63443.02,63452.91,63345.81,63352.4,0.72510592
2026-06-05 06:19:00,63370.44,63400.65,63334.0,63334.0,1.42896328
2026-06-05 06:20:00,63304.75,63371.59,63304.75,63358.66,1.42450269
2026-06-05 06:21:00,63351.07,63409.9,63328.69,63379.62,1.0554794
2026-06-05 06:22:00,63397.62,63424.9,63379.45,63395.1,0.67366792
2026-06-05 06:23:00,63396.0,63409.45,63327.28,63347.69,1.10090323
2026-06-05 06:24:00,63328.77,63399.14,63328.77,63382.05,0.615581
2026-06-05 06:25:00,63375.5,63401.63,63353.42,63376.0,0.88386243
2026-06-05 06:26:00,63396.7,63399.85,63352.06,63370.16,0.58467883
2026-06-05 06:27:00,63368.55,63469.29,63367.6,63445.32,5.49672267
2026-06-05 06:28:00,63464.0,63477.42,63441.21,63441.21,0.64654802
2026-06-05 06:29:00,63450.29,63460.6,63411.0,63411.0,0.63900269
2026-06-05 06:30:00,63404.51,63439.59,63391.24,63434.96,0.54740681
2026-06-05 06:31:00,63414.56,63584.12,63407.68,63574.23,0.7905028
2026-06-05 06:32:00,63558.31,63558.31,63495.37,63525.5,0.54239622
2026-06-05 06:33:00,63521.5,63530.39,63503.05,63510.38,0.4951407
2026-06-05 06:34:00,63519.01,63552.59,63495.38,63552.59,0.49382814
2026-06-05 06:35:00,63552.6,63608.27,63533.99,63602.0,1.02758314
2026-06-05 06:36:00,63602.0,63638.24,63598.01,63627.33,1.11548048
2026-06-05 06:37:00,63616.79,63630.56,63589.45,63589.47,0.85599382
2026-06-05 06:38:00,63589.47,63605.62,63575.1,63598.99,0.9927897
2026-06-05 06:39:00,63597.99,63644.12,63590.57,63641.33,0.41612754
2026-06-05 06:40:00,63641.33,63691.54,63641.32,63673.95,1.09564128
2026-06-05 06:41:00,63671.09,63710.14,63671.09,63695.45,0.78112824
2026-06-05 06:42:00,63695.44,63695.44,63661.96,63672.01,0.84981921
2026-06-05 06:43:00,63687.86,63728.78,63687.86,63705.7,0.59506984
2026-06-05 06:44:00,63705.69,63714.47,63687.0,63687.0,0.83399145
2026-06-05 06:45:00,63691.74,63708.82,63643.86,63650.11,2.40055153
2026-06-05 06:46:00,63650.11,63674.5,63629.56,63640.59,2.56606023
2026-06-05 06:47:00,63640.59,63675.58,63629.28,63651.2,0.527241
2026-06-05 06:48:00,63641.12,63677.72,63641.12,63677.72,0.26487875
2026-06-05 06:49:00,63685.98,63686.64,63651.98,63686.64,0.70287054
2026-06-05 06:50:00,63700.0,63810.93,63700.0,63810.93,0.69909096
2026-06-05 06:51:00,63813.0,63815.92,63769.91,63796.99,1.29290026
2026-06-05 06:52:00,63788.61,63789.36,63739.26,63769.82,0.6914038
2026-06-05 06:53:00,63769.81,63799.0,63769.81,63773.25,0.90848878
2026-06-05 06:54:00,63770.43,63784.93,63761.29,63784.93,0.17614969
2026-06-05 06:55:00,63789.91,63853.85,63784.06,63851.05,1.88313501
2026-06-05 06:56:00,63851.06,63852.15,63732.19,63732.19,2.85412799
2026-06-05 06:57:00,63721.74,63750.48,63702.44,63750.48,0.5355623
2026-06-05 06:58:00,63761.8,63811.81,63761.8,63811.81,0.46080141
2026-06-05 06:59:00,63804.93,63815.66,63804.93,63814.8,0.09294411
2026-06-05 07:00:00,63811.0,63811.0,63687.26,63696.1,2.44184625
2026-06-05 07:01:00,63706.59,63748.33,63669.03,63710.07,3.29304817
2026-06-05 07:02:00,63668.42,63771.19,63657.51,63750.94,0.54975936
2026-06-05 07:03:00,63752.42,63786.0,63738.25,63752.17,1.15304644
2026-06-05 07:04:00,63719.46,63719.46,63666.91,63670.91,0.67409872
2026-06-05 07:05:00,63660.76,63754.99,63660.76,63736.84,0.90462567
2026-06-05 07:06:00,63720.13,63765.18,63693.77,63765.18,0.58892073
2026-06-05 07:07:00,63765.18,63765.18,63683.87,63711.77,1.07145538
2026-06-05 07:08:00,63714.67,63725.0,63661.48,63709.0,0.62125012
2026-06-05 07:09:00,63723.44,63757.06,63705.03,63757.06,0.66509946
2026-06-05 07:10:00,63752.87,63784.52,63742.61,63746.0,0.82319896
2026-06-05 07:11:00,63728.99,63728.99,63679.56,63679.56,2.00214657
2026-06-05 07:12:00,63678.67,63678.67,63635.0,63665.23,1.61330955
2026-06-05 07:13:00,63656.0,63680.84,63617.7,63635.0,0.84536537
2026-06-05 07:14:00,63613.33,63613.33,63581.0,63589.01,0.84404522
2026-06-05 07:15:00,63592.04,63615.99,63576.25,63613.6,2.29911633
2026-06-05 07:16:00,63613.6,63627.22,63576.0,63584.0,3.02927701
2026-06-05 07:17:00,63584.0,63607.96,63543.68,63549.53,2.23507745
2026-06-05 07:18:00,63549.52,63558.2,63524.42,63548.32,0.78310997
2026-06-05 07:19:00,63548.33,63635.0,63548.33,63619.49,0.49807077
2026-06-05 07:20:00,63628.11,63812.41,63628.11,63797.81,2.22059321
2026-06-05 07:21:00,63788.02,63794.24,63716.96,63784.26,1.0047273
2026-06-05 07:22:00,63783.53,63783.53,63705.92,63763.75,0.46423626
2026-06-05 07:23:00,63763.75,63831.98,63763.75,63812.67,3.0963478
2026-06-05 07:24:00,63825.45,63840.2,63760.84,63769.16,1.55085778
2026-06-05 07:25:00,63755.41,63768.97,63636.35,63636.35,1.2402445
2026-06-05 07:26:00,63647.05,63722.89,63628.11,63722.89,2.20912022
2026-06-05 07:27:00,63722.89,63760.84,63660.57,63751.98,0.91167534
2026-06-05 07:28:00,63754.02,63783.48,63749.1,63780.54,0.56295556
2026-06-05 07:29:00,63783.0,63835.79,63775.01,63835.79,0.97136176
2026-06-05 07:30:00,63843.47,63878.55,63831.0,63853.02,2.2003867
2026-06-05 07:31:00,63853.02,63886.6,63842.47,63877.8,0.51742869
2026-06-05 07:32:00,63890.49,63915.41,63785.59,63789.02,1.12736149
2026-06-05 07:33:00,63785.83,63854.46,63767.49,63837.92,0.8975434
2026-06-05 07:34:00,63841.24,63841.66,63806.8,63815.74,0.57638717
2026-06-05 07:35:00,63820.36,63820.36,63715.01,63719.99,1.24367351
2026-06-05 07:36:00,63719.99,63761.56,63719.26,63723.91,0.87415511
2026-06-05 07:37:00,63723.92,63738.78,63636.3,63655.41,2.50590429
2026-06-05 07:38:00,63665.87,63687.56,63605.33,63667.01,0.95912609
2026-06-05 07:39:00,63679.79,63776.46,63679.79,63776.46,0.99550666
2026-06-05 07:40:00,63797.02,63797.02,63745.26,63752.79,0.93544157
2026-06-05 07:41:00,63739.24,63748.96,63672.33,63672.33,0.37138581
2026-06-05 07:42:00,63671.86,63676.61,63633.33,63635.0,0.35536856
2026-06-05 07:43:00,63634.01,63651.18,63614.55,63651.18,0.61710781
2026-06-05 07:44:00,63651.35,63676.31,63620.69,63628.22,0.40962215
2026-06-05 07:45:00,63628.21,63700.0,63592.0,63686.06,1.61643081
2026-06-05 07:46:00,63686.06,63709.52,63654.99,63705.01,3.38125622
2026-06-05 07:47:00,63714.15,63722.18,63683.89,63697.99,0.62460859
2026-06-05 07:48:00,63694.05,63729.74,63687.38,63703.61,0.33610224
2026-06-05 07:49:00,63703.6,63703.6,63671.0,63677.5,0.44099835
2026-06-05 07:50:00,63679.72,63682.09,63604.0,63604.0,0.52742069
2026-06-05 07:51:00,63586.31,63606.35,63576.93,63576.93,0.45352675
2026-06-05 07:52:00,63564.01,63564.01,63465.66,63477.75,1.5868361
2026-06-05 07:53:00,63459.0,63485.25,63437.16,63475.49,1.10425085
2026-06-05 07:54:00,63461.82,63494.34,63441.68,63494.34,1.48739867
2026-06-05 07:55:00,63448.0,63448.0,63414.26,63418.73,0.6205865
2026-06-05 07:56:00,63413.27,63420.99,63391.38,63404.14,0.9504732
2026-06-05 07:57:00,63408.86,63428.25,63375.03,63375.03,0.45020002
2026-06-05 07:58:00,63368.34,63394.0,63352.0,63352.0,1.65896331
2026-06-05 07:59:00,63350.63,63370.0,63332.95,63346.53,0.30934243
2026-06-05 08:00:00,63332.65,63343.0,63315.0,63333.94,0.48059674
2026-06-05 08:01:00,63314.36,63314.36,63155.42,63155.42,3.56965639
2026-06-05 08:02:00,63173.38,63189.8,63149.82,63149.82,1.6248138
2026-06-05 08:03:00,63149.0,63159.47,63062.61,63071.79,3.97227113
2026-06-05 08:04:00,63081.89,63115.8,62970.74,62999.28,5.32322397
2026-06-05 08:05:00,62999.27,63113.4,62999.27,63075.02,2.44603695
2026-06-05 08:06:00,63059.52,63113.0,63049.35,63083.68,0.75885172
2026-06-05 08:07:00,63115.38,63228.29,63115.38,63190.39,1.23791563
2026-06-05 08:08:00,63190.38,63190.38,63045.97,63049.0,1.03661643
2026-06-05 08:09:00,63051.0,63149.49,63043.22,63149.49,0.62324187
2026-06-05 08:10:00,63144.81,63162.0,63064.0,63088.02,1.14137802
2026-06-05 08:11:00,63082.79,63134.55,63082.79,63106.98,1.02817182
2026-06-05 08:12:00,63097.86,63209.0,63097.86,63206.05,2.41664146
2026-06-05 08:13:00,63225.63,63225.63,63151.01,63186.94,0.47529205
2026-06-05 08:14:00,63200.54,63253.02,63200.54,63253.02,0.33426087
2026-06-05 08:15:00,63292.94,63292.94,63191.51,63247.64,1.84478916
2026-06-05 08:16:00,63214.21,63245.0,63181.78,63245.0,0.4347107
2026-06-05 08:17:00,63264.69,63338.31,63226.13,63338.31,0.88148744
2026-06-05 08:18:00,63355.45,63357.46,63301.2,63331.71,1.14546544
2026-06-05 08:19:00,63331.72,63348.55,63253.27,63277.19,1.4789649
2026-06-05 08:20:00,63283.81,63283.81,63212.75,63226.0,0.91746682
2026-06-05 08:21:00,63226.0,63274.52,63220.0,63242.95,1.15365509
2026-06-05 08:22:00,63225.37,63225.37,63088.4,63108.11,0.70995749
2026-06-05 08:23:00,63113.64,63147.0,63069.09,63147.0,2.10738328
2026-06-05 08:24:00,63141.9,63232.32,63141.9,63232.32,0.48747818
2026-06-05 08:25:00,63241.0,63282.07,63205.77,63216.82,1.74516545
2026-06-05 08:26:00,63222.01,63274.17,63193.25,63210.4,3.09662798
2026-06-05 08:27:00,63191.95,63252.0,63191.95,63252.0,0.51097138
2026-06-05 08:28:00,63251.0,63272.0,63217.96,63243.03,0.86558875
2026-06-05 08:29:00,63239.64,63273.08,63236.27,63273.08,1.32816737
2026-06-05 08:30:00,63276.32,63492.0,63276.32,63426.33,1.81543141
2026-06-05 08:31:00,63421.43,63448.95,63374.66,63448.95,0.86643466
2026-06-05 08:32:00,63454.5,63454.5,63339.39,63356.75,0.99418504
2026-06-05 08:33:00,63364.32,63401.68,63353.0,63378.23,0.76062379
2026-06-05 08:34:00,63383.0,63383.0,63303.38,63320.99,0.53658345
2026-06-05 08:35:00,63334.0,63405.3,63310.81,63393.02,0.91217492
2026-06-05 08:36:00,63402.99,63436.8,63392.0,63392.0,0.35293303
2026-06-05 08:37:00,63376.78,63413.26,63366.22,63385.0,1.0226086
2026-06-05 08:38:00,63388.16,63388.16,63197.0,63210.02,1.01301772
2026-06-05 08:39:00,63224.64,63254.27,63215.34,63241.58,0.51126078
2026-06-05 08:40:00,63224.3,63282.25,63223.63,63262.13,2.06842066
2026-06-05 08:41:00,63270.85,63284.97,63247.11,63247.11,1.11201747
2026-06-05 08:42:00,63275.99,63280.32,63224.0,63225.0,0.62015951
2026-06-05 08:43:00,63233.54,63296.12,63211.0,63288.62,0.37966263
2026-06-05 08:44:00,63302.67,63361.0,63289.76,63361.0,0.23625378
2026-06-05 08:45:00,63370.22,63370.22,63287.14,63287.14,1.74975028
2026-06-05 08:46:00,63280.84,63311.43,63270.06,63278.73,0.85427688
2026-06-05 08:47:00,63281.0,63305.41,63239.36,63286.99,0.997558
2026-06-05 08:48:00,63293.15,63296.74,63229.71,63232.0,0.72460985
2026-06-05 08:49:00,63243.6,63271.3,63230.95,63246.0,0.92651481
2026-06-05 08:50:00,63241.02,63241.02,63178.8,63187.81,0.47766345
2026-06-05 08:51:00,63187.53,63263.21,63170.8,63263.21,0.87197446
2026-06-05 08:52:00,63235.18,63275.73,63212.99,63222.0,0.57131298
2026-06-05 08:53:00,63226.34,63272.15,63226.34,63259.24,3.89330968
2026-06-05 08:54:00,63251.51,63272.73,63244.01,63267.21,0.21784698
2026-06-05 08:55:00,63262.0,63301.14,63212.0,63281.28,2.85742831
2026-06-05 08:56:00,63284.78,63364.11,63279.0,63341.78,2.07311865
2026-06-05 08:57:00,63338.0,63383.95,63310.76,63310.76,0.42293082
2026-06-05 08:58:00,63306.7,63308.44,63266.06,63308.44,0.22535047
2026-06-05 08:59:00,63323.71,63324.98,63297.0,63297.0,0.60943831
2026-06-05 09:00:00,63296.55,63374.54,63269.78,63269.78,3.0564402
2026-06-05 09:01:00,63288.0,63336.39,63208.22,63229.72,0.80937316
2026-06-05 09:02:00,63193.02,63241.0,63169.0,63187.0,0.96911746
2026-06-05 09:03:00,63220.83,63322.87,63220.83,63302.0,0.40176221
2026-06-05 09:04:00,63279.47,63279.47,63228.23,63247.86,0.60907388
2026-06-05 09:05:00,63262.02,63262.02,63193.0,63210.71,0.63352636
2026-06-05 09:06:00,63175.41,63212.72,63164.36,63210.91,2.69292242
2026-06-05 09:07:00,63239.0,63239.0,63120.05,63138.37,2.13005748
2026-06-05 09:08:00,63135.02,63170.32,63113.71,63113.71,2.04009211
2026-06-05 09:09:00,63114.93,63190.07,63114.93,63159.0,2.11140296
2026-06-05 09:10:00,63154.56,63200.03,63133.45,63193.0,1.51493902
2026-06-05 09:11:00,63189.42,63198.0,63163.0,63170.65,1.65598363
2026-06-05 09:12:00,63172.88,63196.99,63154.5,63171.45,0.96203939
2026-06-05 09:13:00,63180.98,63194.0,63117.4,63126.09,1.90202457
2026-06-05 09:14:00,63132.99,63132.99,63109.89,63115.44,0.43532489
2026-06-05 09:15:00,63103.0,63192.4,63103.0,63156.34,0.81801086
2026-06-05 09:16:00,63174.77,63199.55,63119.0,63119.0,1.09017593
2026-06-05 09:17:00,63116.25,63187.71,63070.9,63187.71,1.32239261
2026-06-05 09:18:00,63179.85,63185.9,63028.03,63028.03,4.15695642
2026-06-05 09:19:00,63023.66,63034.66,62931.6,62937.23,7.74392743
2026-06-05 09:20:00,62948.46,62994.88,62806.77,62816.76,1.83931545
2026-06-05 09:21:00,62794.16,62887.44,62744.39,62837.5,1.99650311
2026-06-05 09:22:00,62801.9,62801.9,62697.04,62740.16,2.83232396
2026-06-05 09:23:00,62738.25,62837.75,62738.25,62829.39,1.35046368
2026-06-05 09:24:00,62812.47,62827.99,62758.61,62815.4,1.42807928
2026-06-05 09:25:00,62852.76,62856.01,62756.08,62793.17,1.00206297
2026-06-05 09:26:00,62765.19,62834.91,62765.19,62782.23,1.6506074
2026-06-05 09:27:00,62776.82,62799.94,62698.04,62731.79,1.12605862
2026-06-05 09:28:00,62736.0,62740.36,62679.78,62709.77,0.66969142
2026-06-05 09:29:00,62699.22,62718.55,62631.59,62635.0,3.83740677
2026-06-05 09:30:00,62636.08,62647.83,62523.01,62604.11,3.80094949
2026-06-05 09:31:00,62605.16,62737.48,62605.16,62731.98,1.09997628
2026-06-05 09:32:00,62724.17,62734.99,62684.7,62734.99,1.33602089
2026-06-05 09:33:00,62749.14,62764.18,62672.61,62713.46,1.08230653
2026-06-05 09:34:00,62702.36,62791.9,62702.36,62764.59,0.92775156
2026-06-05 09:35:00,62744.0,62837.37,62731.54,62837.37,0.8487071
2026-06-05 09:36:00,62837.38,62861.33,62745.34,62761.96,0.43091088
2026-06-05 09:37:00,62761.97,62880.26,62761.97,62858.82,0.66717752
2026-06-05 09:38:00,62871.05,62888.86,62815.36,62815.36,1.09094416
2026-06-05 09:39:00,62815.37,62852.47,62811.93,62822.1,1.02041276
2026-06-05 09:40:00,62822.1,62850.0,62794.5,62844.62,0.98164306
2026-06-05 09:41:00,62844.98,62875.76,62784.86,62802.39,1.39796118
2026-06-05 09:42:00,62800.37,62800.37,62626.08,62637.25,2.01002182
2026-06-05 09:43:00,62626.53,62645.91,62518.45,62645.91,1.6784475
2026-06-05 09:44:00,62694.28,62746.92,62672.71,62682.32,1.36662334
2026-06-05 09:45:00,62664.28,62792.57,62661.69,62770.88,1.36982115
2026-06-05 09:46:00,62774.14,62792.0,62681.55,62681.55,1.48376983
2026-06-05 09:47:00,62681.55,62711.0,62634.0,62638.37,1.51273404
2026-06-05 09:48:00,62664.53,62680.29,62626.61,62670.56,0.83241047
2026-06-05 09:49:00,62658.36,62685.49,62641.6,62653.84,0.633643
2026-06-05 09:50:00,62667.7,62742.79,62650.09,62723.01,1.2171069
2026-06-05 09:51:00,62727.78,62742.8,62674.01,62690.07,0.74645107
2026-06-05 09:52:00,62695.46,62695.46,62653.0,62683.47,0.87012004
2026-06-05 09:53:00,62683.47,62704.8,62676.49,62702.68,0.85552328
2026-06-05 09:54:00,62685.74,62685.74,62555.57,62555.57,0.72893834
2026-06-05 09:55:00,62560.9,62620.0,62560.9,62595.49,0.71951264
2026-06-05 09:56:00,62594.42,62617.44,62558.0,62610.0,1.55828155
2026-06-05 09:57:00,62626.98,62646.56,62610.42,62618.0,0.85742437
2026-06-05 09:58:00,62617.57,62617.57,62526.18,62535.42,1.81715247
2026-06-05 09:59:00,62532.12,62563.0,62529.01,62541.51,0.24977034
2026-06-05 10:00:00,62569.31,62586.56,62520.04,62556.95,1.02179622
2026-06-05 10:01:00,62557.08,62557.08,62433.01,62442.88,3.56027243
2026-06-05 10:02:00,62429.31,62455.16,62408.02,62433.0,2.67130789
2026-06-05 10:03:00,62435.77,62547.42,62435.77,62491.01,1.41250413
2026-06-05 10:04:00,62492.0,62519.18,62460.02,62519.18,0.79506624
2026-06-05 10:05:00,62531.99,62531.99,62378.51,62408.55,3.40500801
2026-06-05 10:06:00,62408.56,62451.1,62300.46,62319.16,3.01677671
2026-06-05 10:07:00,62328.0,62395.74,62320.51,62320.51,2.44537338
2026-06-05 10:08:00,62310.52,62375.0,62303.17,62315.08,1.23370692
2026-06-05 10:09:00,62337.47,62358.98,62318.84,62339.83,0.86216955
2026-06-05 10:10:00,62338.22,62363.7,62317.01,62333.81,1.25933432
2026-06-05 10:11:00,62333.57,62349.79,62267.0,62300.87,1.28952212
2026-06-05 10:12:00,62301.78,62329.11,62279.51,62318.59,0.45749746
2026-06-05 10:13:00,62335.04,62362.81,62292.52,62323.76,1.55036229
2026-06-05 10:14:00,62323.75,62342.81,62298.0,62316.0,0.66752237
2026-06-05 10:15:00,62312.22,62403.99,62308.01,62393.0,0.83474896
2026-06-05 10:16:00,62380.48,62531.55,62380.48,62490.17,3.27025011
2026-06-05 10:17:00,62490.17,62612.71,62490.17,62612.71,1.35370892
2026-06-05 10:18:00,62633.15,62749.48,62633.15,62726.85,3.04243593
2026-06-05 10:19:00,62723.54,62754.03,62668.9,62730.81,1.01512324
2026-06-05 10:20:00,62709.0,62718.31,62579.02,62579.02,1.12563052
2026-06-05 10:21:00,62570.66,62608.95,62525.97,62525.97,1.92398501
2026-06-05 10:22:00,62519.27,62531.8,62475.05,62507.19,0.74258998
2026-06-05 10:23:00,62528.98,62631.02,62523.99,62595.37,0.83988324
2026-06-05 10:24:00,62591.41,62594.19,62551.92,62593.01,1.41295182
2026-06-05 10:25:00,62592.64,62611.92,62546.7,62577.66,0.96406848
2026-06-05 10:26:00,62570.62,62593.01,62513.13,62515.4,0.80032529
2026-06-05 10:27:00,62515.41,62561.91,62490.26,62517.68,1.36227913
2026-06-05 10:28:00,62515.99,62529.32,62478.99,62483.01,0.36221867
2026-06-05 10:29:00,62483.01,62526.5,62483.01,62521.96,0.96148611
2026-06-05 10:30:00,62528.06,62692.66,62528.06,62649.0,1.50210309
2026-06-05 10:31:00,62672.7,62785.35,62652.49,62748.0,3.54183635
2026-06-05 10:32:00,62757.12,62828.48,62757.12,62794.63,1.47160933
2026-06-05 10:33:00,62779.51,62802.0,62715.32,62732.68,0.57570756
2026-06-05 10:34:00,62738.99,62778.57,62738.99,62762.99,0.29032426
2026-06-05 10:35:00,62751.84,62751.84,62670.11,62721.42,0.61711669
2026-06-05 10:36:00,62713.37,62717.36,62658.83,62658.83,0.48591219
2026-06-05 10:37:00,62657.03,62690.58,62592.0,62592.0,1.38092058
2026-06-05 10:38:00,62603.99,62613.55,62592.41,62594.0,0.61633951
2026-06-05 10:39:00,62590.0,62652.0,62586.02,62652.0,0.28056556
2026-06-05 10:40:00,62658.6,62703.0,62657.87,62657.87,0.28038516
2026-06-05 10:41:00,62640.37,62640.37,62569.0,62578.99,0.84056547
2026-06-05 10:42:00,62575.6,62596.24,62536.56,62544.49,2.54481184
2026-06-05 10:43:00,62555.02,62569.94,62519.0,62537.0,0.96683671
2026-06-05 10:44:00,62563.55,62618.2,62563.55,62598.88,0.53029745
2026-06-05 10:45:00,62601.02,62677.77,62600.01,62677.77,0.41335605
2026-06-05 10:46:00,62679.5,62741.73,62659.58,62741.73,2.05151882
2026-06-05 10:47:00,62741.72,62754.93,62698.28,62733.22,1.02104542
2026-06-05 10:48:00,62733.21,62751.72,62713.0,62717.68,0.47097859
2026-06-05 10:49:00,62727.56,62741.32,62717.67,62726.71,0.50780265
2026-06-05 10:50:00,62726.72,62797.55,62703.82,62726.0,1.18169952
2026-06-05 10:51:00,62721.85,62747.07,62716.65,62737.24,0.47957964
2026-06-05 10:52:00,62737.6,62743.39,62706.18,62706.18,1.09225985
2026-06-05 10:53:00,62699.81,62721.98,62642.02,62661.01,0.49603168
2026-06-05 10:54:00,62625.48,62702.25,62625.47,62702.25,0.37291908
2026-06-05 10:55:00,62698.0,62736.44,62668.38,62726.46,1.22316255
2026-06-05 10:56:00,62742.0,62756.02,62718.56,62727.92,1.45251486
2026-06-05 10:57:00,62727.5,62743.74,62700.0,62700.0,2.73143749
2026-06-05 10:58:00,62683.47,62683.47,62640.42,62659.23,0.92146003
2026-06-05 10:59:00,62642.82,62661.24,62621.94,62658.93,1.2756274
2026-06-05 11:00:00,62667.99,62694.31,62625.5,62625.5,2.02225914
2026-06-05 11:01:00,62625.28,62643.95,62581.21,62595.09,0.84503717
2026-06-05 11:02:00,62569.0,62600.99,62534.13,62534.13,0.79187508
2026-06-05 11:03:00,62538.0,62539.0,62491.09,62498.0,0.99452321
2026-06-05 11:04:00,62494.45,62612.38,62427.9,62586.24,5.48142831
2026-06-05 11:05:00,62571.47,62583.58,62539.6,62577.6,0.68418994
2026-06-05 11:06:00,62577.6,62779.07,62577.6,62750.0,2.95278498
2026-06-05 11:07:00,62762.0,62884.0,62762.0,62860.55,1.68354155
2026-06-05 11:08:00,62860.0,62911.0,62807.16,62807.16,1.15745169
2026-06-05 11:09:00,62813.62,62862.02,62784.0,62860.12,0.4919826
2026-06-05 11:10:00,62854.2,62864.31,62800.88,62812.56,0.66155647
2026-06-05 11:11:00,62801.0,62801.0,62708.91,62778.27,2.46954687
2026-06-05 11:12:00,62774.31,62842.99,62742.46,62756.0,0.99085238
2026-06-05 11:13:00,62750.15,62784.24,62741.38,62764.43,0.55901288
2026-06-05 11:14:00,62760.78,62795.0,62760.78,62795.0,0.24783854
2026-06-05 11:15:00,62811.2,62814.94,62769.41,62769.41,0.95671349
2026-06-05 11:16:00,62753.22,62784.14,62702.0,62702.0,0.71923444
2026-06-05 11:17:00,62687.87,62739.99,62681.99,62696.61,0.79380269
2026-06-05 11:18:00,62696.62,62696.62,62596.24,62653.26,2.73717239
2026-06-05 11:19:00,62659.05,62671.71,62613.44,62631.08,0.49489352
2026-06-05 11:20:00,62631.08,62647.99,62585.88,62625.27,0.38201662
2026-06-05 11:21:00,62636.82,62679.31,62636.82,62656.17,0.22072746
2026-06-05 11:22:00,62676.49,62746.52,62658.46,62674.81,2.09395039
2026-06-05 11:23:00,62679.63,62741.29,62679.63,62709.43,0.38278103
2026-06-05 11:24:00,62711.65,62776.49,62711.65,62741.99,0.64047468
2026-06-05 11:25:00,62757.2,63021.77,62757.2,63021.77,6.91748829
2026-06-05 11:26:00,63011.91,63140.29,62989.86,63100.0,2.85990225
2026-06-05 11:27:00,63100.0,63131.55,63051.01,63068.01,1.51327886
2026-06-05 11:28:00,63076.8,63142.71,63076.8,63142.71,0.40339819
2026-06-05 11:29:00,63142.7,63169.42,63120.28,63169.42,0.83693102
2026-06-05 11:30:00,63163.56,63163.56,62986.15,62995.08,1.90569469
2026-06-05 11:31:00,62991.74,63012.54,62951.01,62962.95,0.85043439
2026-06-05 11:32:00,62962.95,63037.38,62962.95,63030.12,0.82887546
2026-06-05 11:33:00,63030.12,63054.35,63000.01,63005.52,0.51772936
2026-06-05 11:34:00,62990.54,63028.88,62985.49,63028.88,0.24323045
2026-06-05 11:35:00,63038.49,63088.35,63011.43,63088.35,0.44669796
2026-06-05 11:36:00,63117.71,63142.02,63039.43,63039.43,0.62225538
2026-06-05 11:37:00,63041.31,63086.94,63011.25,63074.14,0.76216481
2026-06-05 11:38:00,63075.7,63075.7,63041.63,63065.17,0.56847725
2026-06-05 11:39:00,63081.45,63081.45,63002.55,63038.47,0.59860912
2026-06-05 11:40:00,63042.56,63042.56,62982.01,63027.19,0.29226089
2026-06-05 11:41:00,63043.18,63047.91,63005.97,63005.97,0.25434653
2026-06-05 11:42:00,62997.01,63014.58,62955.77,62971.44,1.21702875
2026-06-05 11:43:00,62969.79,62969.79,62923.27,62923.27,0.30671703
2026-06-05 11:44:00,62946.95,62953.54,62927.38,62953.54,0.10226647
2026-06-05 11:45:00,62959.17,62998.44,62934.65,62998.44,0.57926105
2026-06-05 11:46:00,62998.44,62998.44,62842.52,62842.52,0.42948093
2026-06-05 11:47:00,62836.91,62846.82,62797.12,62836.72,0.83266823
2026-06-05 11:48:00,62834.98,62840.35,62789.51,62802.6,1.55016379
2026-06-05 11:49:00,62801.26,62904.77,62801.26,62894.83,0.43120901
2026-06-05 11:50:00,62894.84,63072.1,62894.84,63072.09,0.86782262
2026-06-05 11:51:00,63085.06,63104.89,63030.15,63050.62,0.36609349
2026-06-05 11:52:00,63068.03,63103.34,63068.03,63103.34,0.21830666
2026-06-05 11:53:00,63110.79,63110.79,63056.08,63084.18,1.04567062
2026-06-05 11:54:00,63110.7,63245.11,63110.7,63245.11,0.41207843
2026-06-05 11:55:00,63232.48,63233.73,63170.28,63173.13,1.08693374
2026-06-05 11:56:00,63180.92,63208.76,63147.24,63160.78,1.0632813
2026-06-05 11:57:00,63136.71,63181.59,63136.71,63175.72,2.65077348
2026-06-05 11:58:00,63178.91,63501.17,63178.91,63501.17,4.4895961
2026-06-05 11:59:00,63494.01,63581.22,63494.01,63543.63,6.68704667
2026-06-05 12:00:00,63543.63,63622.59,63437.56,63437.56,4.4925486
2026-06-05 12:01:00,63437.38,63437.38,63386.03,63427.36,0.80776585
2026-06-05 12:02:00,63463.92,63481.61,63411.91,63447.98,0.81356011
2026-06-05 12:03:00,63438.02,63438.02,63337.93,63363.81,0.84425897
2026-06-05 12:04:00,63363.81,63392.73,63337.54,63350.63,1.07788517
2026-06-05 12:05:00,63350.63,63441.59,63338.73,63404.34,1.60212713
2026-06-05 12:06:00,63437.39,63489.69,63389.16,63421.98,0.92534082
2026-06-05 12:07:00,63422.97,63459.76,63393.1,63413.57,0.77385065
2026-06-05 12:08:00,63398.46,63423.78,63322.68,63322.68,0.42715248
2026-06-05 12:09:00,63322.68,63346.12,63287.44,63327.94,1.4026988
2026-06-05 12:10:00,63310.62,63378.17,63310.62,63378.17,0.38029597
2026-06-05 12:11:00,63396.11,63399.75,63381.15,63381.15,0.21986851
2026-06-05 12:12:00,63370.81,63370.81,63316.1,63316.1,1.585443
2026-06-05 12:13:00,63296.38,63307.44,63277.01,63287.12,0.51156295
2026-06-05 12:14:00,63283.35,63323.36,63269.34,63315.3,0.31164573
2026-06-05 12:15:00,63313.72,63344.67,63295.01,63295.01,0.38145956
2026-06-05 12:16:00,63271.51,63271.51,63219.38,63242.96,0.96505223
2026-06-05 12:17:00,63244.24,63270.32,63243.01,63247.23,0.20407287
2026-06-05 12:18:00,63231.6,63272.65,63205.81,63244.05,0.40456914
2026-06-05 12:19:00,63255.88,63290.97,63252.04,63264.09,0.40598542
2026-06-05 12:20:00,63264.1,63293.73,63263.67,63292.67,0.63716367
2026-06-05 12:21:00,63304.01,63451.33,63304.01,63371.85,1.68367145
2026-06-05 12:22:00,63357.03,63373.49,63287.69,63297.68,0.22042184
2026-06-05 12:23:00,63322.18,63360.56,63322.18,63343.55,1.31825195
2026-06-05 12:24:00,63341.96,63341.96,63300.13,63309.61,0.27460024
2026-06-05 12:25:00,63319.6,63380.47,63302.96,63356.2,0.88845703
2026-06-05 12:26:00,63356.2,63390.01,63345.22,63390.01,0.37678855
2026-06-05 12:27:00,63397.08,63495.97,63381.57,63468.27,1.95408957
2026-06-05 12:28:00,63452.01,63478.64,63431.72,63431.72,1.10740998
2026-06-05 12:29:00,63416.03,63440.49,63396.12,63440.49,0.463446
2026-06-05 12:30:00,63448.41,63487.44,63448.41,63461.81,1.51723132
2026-06-05 12:31:00,63456.15,63501.31,63440.15,63440.15,0.66300173
2026-06-05 12:32:00,63398.14,63419.1,63369.34,63382.89,1.08095711
2026-06-05 12:33:00,63391.14,63435.03,63306.73,63306.73,0.97040153
2026-06-05 12:34:00,63324.17,63328.97,63271.07,63274.06,1.15228503
2026-06-05 12:35:00,63283.64,63291.13,63159.95,63170.95,1.85352641
2026-06-05 12:36:00,63143.52,63238.61,63131.23,63170.5,1.53720191
2026-06-05 12:37:00,63155.76,63174.9,62986.42,63045.77,8.48457604
2026-06-05 12:38:00,63071.41,63111.35,63022.74,63055.84,3.12761196
2026-06-05 12:39:00,63068.45,63126.66,63062.26,63095.28,2.3400444
2026-06-05 12:40:00,63096.25,63147.68,63074.76,63100.0,3.68669149
2026-06-05 12:41:00,63099.06,63099.06,62937.43,62946.46,8.11374585
2026-06-05 12:42:00,62946.75,62977.05,62911.0,62951.0,7.48417005
2026-06-05 12:43:00,62945.05,62988.53,62855.51,62871.83,5.95613939
2026-06-05 12:44:00,62872.0,62881.62,62817.32,62834.79,1.76391367
2026-06-05 12:45:00,62835.12,62885.61,62722.64,62743.0,2.0945275
2026-06-05 12:46:00,62732.94,62762.6,62668.24,62669.89,2.49738865
2026-06-05 12:47:00,62669.88,62685.25,62563.56,62641.9,2.61509787
2026-06-05 12:48:00,62671.18,62787.01,62647.18,62736.64,1.40251489
2026-06-05 12:49:00,62735.78,62778.29,62710.51,62716.62,0.62729696
2026-06-05 12:50:00,62717.07,62785.35,62700.73,62768.01,1.40864778
2026-06-05 12:51:00,62774.49,62848.76,62761.58,62848.76,0.91200936
2026-06-05 12:52:00,62848.77,62906.0,62821.0,62821.0,1.11195403
2026-06-05 12:53:00,62819.17,62819.58,62644.27,62684.9,0.93041259
2026-06-05 12:54:00,62697.08,62747.18,62629.47,62648.0,1.89683647
2026-06-05 12:55:00,62657.01,62713.37,62583.34,62610.08,2.71530586
2026-06-05 12:56:00,62594.53,62639.15,62538.05,62574.95,4.2845287
2026-06-05 12:57:00,62591.86,62633.83,62377.9,62385.15,5.95846822
2026-06-05 12:58:00,62396.79,62446.78,62323.58,62336.41,9.28982489
2026-06-05 12:59:00,62330.16,62330.16,62211.29,62271.55,4.12267388
2026-06-05 13:00:00,62275.05,62286.99,62172.33,62174.06,11.57936906
2026-06-05 13:01:00,62160.94,62387.37,62143.16,62335.01,12.24077118
2026-06-05 13:02:00,62324.81,62409.26,62197.71,62197.71,5.71337142
2026-06-05 13:03:00,62204.1,62204.1,61930.52,61983.03,28.13121691
2026-06-05 13:04:00,61996.79,62194.78,61996.79,62112.82,6.54495725
2026-06-05 13:05:00,62104.82,62363.52,62104.82,62276.47,3.75946972
2026-06-05 13:06:00,62290.27,62520.51,62250.15,62484.71,1.85049991
2026-06-05 13:07:00,62477.57,62564.2,62445.81,62516.9,3.7009706
2026-06-05 13:08:00,62523.24,62573.66,62486.66,62513.11,2.41236185
2026-06-05 13:09:00,62514.39,62536.57,62375.48,62375.48,1.97434964
2026-06-05 13:10:00,62391.21,62427.55,62323.82,62406.68,3.16554586
2026-06-05 13:11:00,62406.67,62466.36,62316.68,62329.97,1.61459663
2026-06-05 13:12:00,62347.99,62395.31,62231.7,62231.7,2.00251657
2026-06-05 13:13:00,62240.98,62264.98,62107.03,62107.03,3.52040063
2026-06-05 13:14:00,62107.03,62149.65,62017.17,62020.08,4.79017665
2026-06-05 13:15:00,62023.06,62194.12,61960.66,61987.24,9.51664222
2026-06-05 13:16:00,61990.26,62039.73,61870.76,61870.76,6.10923161
2026-06-05 13:17:00,61869.81,61960.34,61838.87,61918.39,11.13841463
2026-06-05 13:18:00,61925.96,62010.94,61794.21,61841.99,6.83060846
2026-06-05 13:19:00,61800.01,61867.21,61748.58,61769.22,4.34961538
2026-06-05 13:20:00,61769.22,61887.43,61573.26,61573.26,16.78331327
2026-06-05 13:21:00,61573.25,61645.78,61456.54,61490.87,10.31241257
2026-06-05 13:22:00,61490.87,61493.59,61285.01,61291.28,9.61794496
2026-06-05 13:23:00,61285.01,61505.01,61200.0,61335.35,5.69749549
2026-06-05 13:24:00,61315.56,61428.31,61072.62,61405.0,14.77489837
2026-06-05 13:25:00,61409.68,61533.84,61296.09,61332.0,24.84385986
2026-06-05 13:26:00,61376.07,61534.0,61370.22,61432.0,21.90715053
2026-06-05 13:27:00,61439.87,61689.98,61408.27,61619.57,5.75651322
2026-06-05 13:28:00,61619.58,61738.25,61619.58,61664.64,5.18698519
2026-06-05 13:29:00,61650.5,61660.11,61499.35,61609.4,3.90358032
2026-06-05 13:30:00,61625.07,61771.74,61581.38,61625.68,7.18262825
2026-06-05 13:31:00,61634.06,61775.84,61612.7,61754.54,3.9087191
2026-06-05 13:32:00,61767.89,61906.95,61760.46,61815.42,6.83520462
2026-06-05 13:33:00,61828.92,61941.13,61760.14,61900.2,3.06937409
2026-06-05 13:34:00,61898.65,61924.0,61663.78,61682.95,56.03729646
2026-06-05 13:35:00,61682.95,61713.99,61682.95,61700.0,158.65607884
2026-06-05 13:36:00,61731.21,61923.71,61731.21,61875.78,55.14728979
2026-06-05 13:37:00,61875.77,61875.77,61645.96,61645.96,20.2753733
2026-06-05 13:38:00,61652.32,61765.6,61652.32,61746.77,7.67904547
2026-06-05 13:39:00,61746.77,61879.9,61730.79,61748.01,4.41315322
2026-06-05 13:40:00,61754.95,61856.55,61733.6,61807.63,3.04443944
2026-06-05 13:41:00,61815.99,61847.84,61741.01,61786.39,5.72259843
2026-06-05 13:42:00,61788.62,61858.79,61743.37,61743.37,10.17628403
2026-06-05 13:43:00,61743.36,61878.01,61651.1,61849.66,8.59281163
2026-06-05 13:44:00,61854.09,62147.87,61854.09,62095.27,10.29565437
2026-06-05 13:45:00,62092.89,62149.0,61963.27,61974.0,5.55401175
2026-06-05 13:46:00,61938.0,61938.0,61832.92,61880.34,2.17123123
2026-06-05 13:47:00,61876.76,61980.98,61876.76,61975.16,5.56381327
2026-06-05 13:48:00,61998.14,62054.06,61940.0,61940.01,1.92836681
2026-06-05 13:49:00,61935.09,61935.09,61823.0,61862.14,2.50423252
2026-06-05 13:50:00,61857.92,61857.92,61737.98,61812.1,1.87703343
2026-06-05 13:51:00,61812.13,61908.71,61780.0,61780.0,4.20505827
2026-06-05 13:52:00,61780.01,61820.27,61754.79,61807.7,1.46788895
2026-06-05 13:53:00,61810.82,61918.97,61779.03,61915.54,1.54158955
2026-06-05 13:54:00,61944.0,61977.99,61909.96,61949.76,5.46639313
2026-06-05 13:55:00,61936.98,61997.99,61916.03,61936.38,2.75626704
2026-06-05 13:56:00,61921.78,61967.46,61875.85,61875.85,1.12753681
2026-06-05 13:57:00,61864.0,61940.17,61864.0,61911.54,0.55242049
2026-06-05 13:58:00,61931.45,61971.92,61828.18,61861.01,1.57435892
2026-06-05 13:59:00,61884.7,61884.7,61832.73,61881.08,0.86874582
2026-06-05 14:00:00,61890.77,61930.99,61833.01,61858.38,2.91484638
2026-06-05 14:01:00,61849.01,61871.75,61675.25,61704.0,2.85871152
2026-06-05 14:02:00,61697.47,61724.39,61583.0,61606.0,11.94700368
2026-06-05 14:03:00,61598.62,61731.27,61549.87,61710.59,7.09220293
2026-06-05 14:04:00,61719.72,61719.72,61610.68,61634.0,8.99196079
2026-06-05 14:05:00,61636.41,61667.02,61570.0,61581.2,4.36177494
2026-06-05 14:06:00,61557.41,61602.94,61439.19,61443.15,12.38458705
2026-06-05 14:07:00,61443.14,61512.84,61372.87,61486.14,8.06768009
2026-06-05 14:08:00,61487.5,61637.99,61477.1,61525.9,2.94067588
2026-06-05 14:09:00,61501.0,61583.28,61488.58,61507.58,3.68267944
2026-06-05 14:10:00,61491.8,61620.99,61431.0,61454.94,7.02643061
2026-06-05 14:11:00,61461.99,61480.0,61395.1,61397.21,1.61534745
2026-06-05 14:12:00,61379.0,61509.27,61325.02,61503.35,12.82273605
2026-06-05 14:13:00,61514.07,61542.12,61449.41,61489.07,3.3397859
2026-06-05 14:14:00,61495.28,61508.0,61419.94,61446.97,5.36007788
2026-06-05 14:15:00,61437.63,61590.0,61437.63,61530.01,22.43084892
2026-06-05 14:16:00,61560.39,61653.63,61542.79,61653.63,1.88616138
2026-06-05 14:17:00,61663.66,61666.6,61552.18,61636.06,6.66611378
2026-06-05 14:18:00,61636.05,61751.85,61599.88,61604.95,2.53863017
2026-06-05 14:19:00,61600.74,61681.79,61567.0,61605.97,1.59665732
2026-06-05 14:20:00,61606.01,61655.8,61543.48,61590.87,1.37249462
2026-06-05 14:21:00,61579.62,61736.0,61579.61,61736.0,2.26186999
2026-06-05 14:22:00,61732.99,61757.99,61698.46,61729.0,4.05176132
2026-06-05 14:23:00,61721.0,61886.48,61712.03,61876.49,2.99131033
2026-06-05 14:24:00,61860.59,61945.87,61765.05,61782.02,4.74855582
2026-06-05 14:25:00,61770.33,61848.16,61727.48,61803.05,4.2986954
2026-06-05 14:26:00,61813.5,62027.72,61813.5,62025.98,6.13254134
2026-06-05 14:27:00,62022.23,62217.22,62022.23,62188.98,1.37324151
2026-06-05 14:28:00,62185.44,62293.99,62183.2,62194.83,10.50831113
2026-06-05 14:29:00,62173.67,62206.78,62112.09,62206.19,3.56637373
2026-06-05 14:30:00,62191.0,62366.14,62151.39,62292.29,5.46342305
2026-06-05 14:31:00,62276.26,62276.26,62131.06,62141.38,2.82468021
2026-06-05 14:32:00,62128.93,62303.69,62124.63,62263.41,4.17841316
2026-06-05 14:33:00,62262.0,62470.29,62239.92,62470.29,6.45779526
2026-06-05 14:34:00,62443.77,62443.77,62373.0,62389.75,4.37108551
2026-06-05 14:35:00,62373.0,62492.64,62373.0,62492.63,1.76817498
2026-06-05 14:36:00,62492.64,62616.09,62443.02,62493.88,6.39861904
2026-06-05 14:37:00,62494.75,62746.82,62494.75,62735.72,6.23378766
2026-06-05 14:38:00,62731.73,62768.99,62682.44,62731.12,2.49000063
2026-06-05 14:39:00,62741.1,62760.82,62625.39,62736.0,5.65745574
2026-06-05 14:40:00,62714.64,62731.05,62615.08,62727.83,3.98736357
2026-06-05 14:41:00,62705.0,62817.03,62705.0,62817.03,1.78689113
2026-06-05 14:42:00,62838.34,62841.42,62760.91,62806.34,1.31676835
2026-06-05 14:43:00,62770.06,62816.97,62764.0,62815.49,4.70339669
2026-06-05 14:44:00,62814.13,62826.76,62720.69,62826.76,8.86286409
2026-06-05 14:45:00,62826.76,62857.1,62775.4,62848.15,5.87364858
2026-06-05 14:46:00,62848.15,62944.04,62724.03,62724.03,6.68912288
2026-06-05 14:47:00,62726.49,62863.54,62712.91,62863.54,4.56247681
2026-06-05 14:48:00,62863.55,62915.38,62856.0,62895.09,6.69426914
2026-06-05 14:49:00,62861.41,62892.98,62794.99,62794.99,3.83551636
2026-06-05 14:50:00,62792.8,62829.96,62736.12,62777.58,1.66523878
2026-06-05 14:51:00,62761.3,62901.86,62759.55,62887.29,1.60527596
2026-06-05 14:52:00,62866.01,62922.39,62840.48,62877.93,1.38315234
2026-06-05 14:53:00,62860.22,62876.91,62769.57,62839.98,1.99235949
2026-06-05 14:54:00,62816.94,62906.82,62816.94,62881.42,1.07025126
2026-06-05 14:55:00,62890.89,62890.89,62782.61,62814.26,1.35578505
2026-06-05 14:56:00,62814.25,62862.61,62797.0,62797.0,1.60731667
2026-06-05 14:57:00,62797.0,62896.01,62791.23,62896.01,3.06276811
2026-06-05 14:58:00,62892.06,62949.86,62874.3,62949.8,2.6040326
2026-06-05 14:59:00,62929.49,63058.4,62929.48,63056.24,5.17261815
2026-06-05 15:00:00,63059.0,63059.0,62974.01,63043.95,2.36005052
2026-06-05 15:01:00,63020.88,63059.41,62976.0,62996.55,2.70148111
2026-06-05 15:02:00,62998.66,63016.11,62899.74,62912.39,1.60165632
2026-06-05 15:03:00,62912.4,62939.52,62871.97,62897.79,1.08010278
2026-06-05 15:04:00,62885.34,62899.63,62814.0,62816.57,2.15631951
2026-06-05 15:05:00,62804.93,62857.63,62762.24,62857.63,1.2504982
2026-06-05 15:06:00,62833.4,62928.72,62822.18,62894.56,1.23199196
2026-06-05 15:07:00,62882.05,62882.05,62779.33,62830.37,3.20830408
2026-06-05 15:08:00,62815.02,62818.16,62712.53,62712.53,2.91451162
2026-06-05 15:09:00,62709.25,62748.28,62682.07,62700.62,2.33097225
2026-06-05 15:10:00,62702.5,62749.39,62659.9,62669.89,2.04570469
2026-06-05 15:11:00,62661.34,62717.49,62658.23,62712.41,2.74145182
2026-06-05 15:12:00,62727.49,62728.15,62687.89,62719.99,1.14530722
2026-06-05 15:13:00,62724.46,62742.67,62704.83,62725.32,0.69189785
2026-06-05 15:14:00,62725.32,62759.0,62695.8,62747.24,4.49606043
2026-06-05 15:15:00,62747.25,62761.81,62634.38,62634.38,0.70858862
2026-06-05 15:16:00,62617.51,62697.07,62567.76,62697.06,1.74635399
2026-06-05 15:17:00,62705.98,62705.98,62546.71,62555.51,1.69414352
2026-06-05 15:18:00,62531.0,62599.15,62531.0,62577.31,0.99982552
2026-06-05 15:19:00,62570.48,62601.86,62551.09,62575.58,0.42168302
2026-06-05 15:20:00,62573.94,62623.01,62564.0,62611.44,0.41329134
2026-06-05 15:21:00,62600.0,62651.79,62567.07,62651.79,1.47052514
2026-06-05 15:22:00,62663.96,62713.81,62631.85,62635.63,2.17730575
2026-06-05 15:23:00,62656.78,62666.63,62624.79,62659.68,0.54004626
2026-06-05 15:24:00,62656.27,62671.43,62618.02,62644.98,0.58146738
2026-06-05 15:25:00,62644.01,62674.79,62630.6,62630.6,0.94175828
2026-06-05 15:26:00,62630.59,62666.55,62621.21,62666.55,0.59308018
2026-06-05 15:27:00,62660.6,62821.37,62660.6,62786.93,3.4902249
2026-06-05 15:28:00,62804.46,62805.63,62715.48,62757.15,3.76912044
2026-06-05 15:29:00,62757.14,62798.03,62737.62,62747.62,0.49570117
2026-06-05 15:30:00,62770.79,62788.96,62684.93,62747.46,3.97777831
2026-06-05 15:31:00,62747.45,62844.38,62742.0,62841.0,1.90894877
2026-06-05 15:32:00,62843.69,62876.58,62755.98,62755.98,4.25935857
2026-06-05 15:33:00,62735.48,62735.48,62643.01,62662.09,1.32874196
2026-06-05 15:34:00,62662.08,62682.58,62629.54,62642.26,2.52879546
2026-06-05 15:35:00,62642.26,62700.58,62630.68,62686.99,1.03072346
2026-06-05 15:36:00,62680.44,62688.27,62597.01,62597.01,2.39940273
2026-06-05 15:37:00,62575.97,62601.97,62525.23,62559.33,1.41560576
2026-06-05 15:38:00,62558.44,62578.65,62478.06,62484.95,1.94855324
2026-06-05 15:39:00,62484.95,62518.44,62472.37,62482.8,1.31003204
2026-06-05 15:40:00,62481.5,62524.49,62463.3,62524.49,1.93022065
2026-06-05 15:41:00,62524.16,62621.52,62515.01,62621.06,0.72817474
2026-06-05 15:42:00,62614.92,62641.69,62602.28,62603.35,0.94509517
2026-06-05 15:43:00,62598.81,62598.81,62528.95,62537.62,1.81368109
2026-06-05 15:44:00,62529.15,62536.41,62484.04,62491.26,0.93894098
2026-06-05 15:45:00,62487.3,62502.85,62448.0,62485.44,1.58895717
2026-06-05 15:46:00,62474.31,62482.02,62434.63,62460.43,0.54111761
2026-06-05 15:47:00,62478.88,62489.52,62448.32,62487.01,0.56743421
2026-06-05 15:48:00,62486.65,62558.98,62486.65,62511.65,1.2182035
2026-06-05 15:49:00,62515.15,62551.07,62515.15,62539.73,0.52870259
2026-06-05 15:50:00,62523.59,62526.58,62480.94,62480.94,0.33629005
2026-06-05 15:51:00,62480.94,62498.0,62442.0,62442.0,0.96909798
2026-06-05 15:52:00,62420.15,62457.98,62387.51,62424.0,1.28614022
2026-06-05 15:53:00,62422.99,62423.0,62330.58,62342.0,0.86423049
2026-06-05 15:54:00,62342.0,62416.65,62328.68,62357.0,1.80022475
2026-06-05 15:55:00,62345.94,62346.48,62232.15,62278.6,1.24849334
2026-06-05 15:56:00,62281.44,62411.41,62269.07,62405.27,2.28569589
2026-06-05 15:57:00,62416.5,62451.93,62372.77,62390.37,0.76578029
2026-06-05 15:58:00,62388.68,62417.71,62376.62,62413.95,0.73411686
2026-06-05 15:59:00,62415.46,62415.46,62388.77,62394.88,0.58185896
2026-06-05 16:00:00,62402.04,62484.33,62382.11,62431.34,5.73682287
2026-06-05 16:01:00,62431.34,62460.89,62431.34,62458.17,0.40171684
2026-06-05 16:02:00,62471.87,62593.81,62463.78,62561.91,1.59445269
2026-06-05 16:03:00,62551.92,62602.89,62507.16,62522.55,1.65130727
2026-06-05 16:04:00,62525.0,62585.99,62435.1,62491.2,6.59720168
2026-06-05 16:05:00,62491.99,62514.0,62443.29,62514.0,1.53193985
2026-06-05 16:06:00,62525.87,62582.23,62521.68,62568.8,2.6433968
2026-06-05 16:07:00,62582.23,62634.53,62558.5,62610.0,1.3743135
2026-06-05 16:08:00,62594.95,62594.96,62523.71,62586.16,0.7845223
2026-06-05 16:09:00,62598.61,62730.96,62598.61,62695.9,2.75562992
2026-06-05 16:10:00,62688.0,62723.1,62670.86,62707.48,2.43865407
2026-06-05 16:11:00,62714.2,62739.39,62685.09,62686.98,0.7419063
2026-06-05 16:12:00,62687.0,62687.0,62606.01,62606.01,3.10213326
2026-06-05 16:13:00,62577.43,62960.0,62577.43,62960.0,21.79037817
2026-06-05 16:14:00,62936.34,63025.05,62903.95,63025.05,2.44873949
2026-06-05 16:15:00,63036.88,63200.19,63031.01,63055.0,14.7466487
2026-06-05 16:16:00,63060.99,63100.54,62949.78,63077.0,4.682463
2026-06-05 16:17:00,63094.0,63112.99,62939.42,62939.42,1.71417559
2026-06-05 16:18:00,62944.04,62974.35,62897.54,62964.35,2.47272441
2026-06-05 16:19:00,62951.94,63026.78,62900.75,62912.72,2.7330935
2026-06-05 16:20:00,62906.14,62938.04,62848.82,62920.33,3.18751548
2026-06-05 16:21:00,62930.73,62974.79,62920.08,62935.0,2.61553762
2026-06-05 16:22:00,62941.44,63001.54,62875.01,63001.54,1.4051699
2026-06-05 16:23:00,62992.03,63030.7,62987.02,63007.16,1.13926021
2026-06-05 16:24:00,63010.4,63015.91,62975.28,62985.23,1.99043414
2026-06-05 16:25:00,62982.6,63074.58,62982.6,63006.89,1.95107938
2026-06-05 16:26:00,63001.26,63012.01,62959.58,63009.53,1.62470779
2026-06-05 16:27:00,63012.01,63028.25,62948.91,62995.03,1.646737
2026-06-05 16:28:00,63006.51,63089.27,63006.51,63053.56,11.0381023
2026-06-05 16:29:00,63075.77,63075.88,63031.45,63063.79,6.36521192
2026-06-05 16:30:00,63054.23,63073.74,62977.68,62983.31,3.84482875
2026-06-05 16:31:00,62993.8,63026.52,62891.89,62904.36,0.75973453
2026-06-05 16:32:00,62887.2,62978.79,62886.67,62936.4,0.863932
2026-06-05 16:33:00,62937.84,62978.06,62917.79,62958.06,0.91508506
2026-06-05 16:34:00,62947.99,62990.97,62913.85,62965.0,1.52750774
2026-06-05 16:35:00,62966.0,63013.94,62937.82,62951.4,3.2811772
2026-06-05 16:36:00,62947.14,62947.14,62907.0,62907.0,3.27634185
2026-06-05 16:37:00,62899.67,62910.6,62858.6,62892.0,3.62363257
2026-06-05 16:38:00,62892.0,62930.57,62847.19,62850.69,4.48186378
2026-06-05 16:39:00,62854.56,62854.56,62753.0,62769.09,2.48153394
2026-06-05 16:40:00,62775.99,62775.99,62734.19,62749.59,0.62915267
2026-06-05 16:41:00,62755.57,62793.15,62733.29,62733.29,0.50606158
2026-06-05 16:42:00,62733.32,62793.15,62733.32,62788.39,0.55043165
2026-06-05 16:43:00,62777.0,62781.98,62727.37,62781.98,0.30852396
2026-06-05 16:44:00,62746.54,62783.0,62745.63,62782.91,2.81119718
2026-06-05 16:45:00,62772.19,62838.59,62772.19,62838.59,1.73580032
2026-06-05 16:46:00,62832.48,62872.04,62832.48,62845.67,0.96855838
2026-06-05 16:47:00,62845.89,62845.89,62805.0,62834.0,1.04186616
2026-06-05 16:48:00,62832.98,62837.99,62788.72,62837.99,0.47647232
2026-06-05 16:49:00,62827.18,62831.56,62796.55,62796.55,0.44292839
2026-06-05 16:50:00,62772.46,62818.92,62760.1,62818.92,0.92051543
2026-06-05 16:51:00,62826.3,62900.0,62826.3,62900.0,0.22450851
2026-06-05 16:52:00,62899.98,62943.14,62875.7,62883.54,3.42127806
2026-06-05 16:53:00,62883.53,62889.04,62792.89,62792.89,3.11254598
2026-06-05 16:54:00,62796.94,62828.33,62796.94,62820.4,0.21003487
2026-06-05 16:55:00,62820.4,62868.07,62818.23,62819.3,0.27566251
2026-06-05 16:56:00,62819.29,62823.73,62789.03,62810.57,0.65356238
2026-06-05 16:57:00,62803.62,62822.57,62794.47,62801.99,0.37088646
2026-06-05 16:58:00,62795.98,62795.98,62762.87,62771.94,0.34877264
2026-06-05 16:59:00,62771.94,62819.05,62769.0,62811.2,0.52598192
2026-06-05 17:00:00,62819.0,62864.03,62807.06,62864.03,0.80633517
2026-06-05 17:01:00,62873.28,62889.28,62838.24,62848.71,1.02868692
2026-06-05 17:02:00,62845.92,62866.99,62727.65,62750.25,0.94165118
2026-06-05 17:03:00,62752.09,62824.89,62752.09,62790.68,0.60065712
2026-06-05 17:04:00,62790.69,62801.68,62749.63,62790.01,0.79580821
2026-06-05 17:05:00,62767.41,62790.02,62689.0,62703.49,1.79898887
2026-06-05 17:06:00,62707.49,62717.54,62638.57,62647.49,0.97144401
2026-06-05 17:07:00,62647.49,62661.0,62627.89,62627.9,0.89262414
2026-06-05 17:08:00,62619.87,62670.87,62613.42,62670.87,0.58871938
2026-06-05 17:09:00,62665.62,62699.69,62636.01,62636.01,0.54853352
2026-06-05 17:10:00,62633.0,62665.61,62600.0,62616.46,0.8259244
2026-06-05 17:11:00,62602.98,62736.69,62602.98,62700.0,1.79089586
2026-06-05 17:12:00,62700.76,62721.08,62670.99,62702.42,1.87518402
2026-06-05 17:13:00,62704.0,62751.26,62704.0,62724.48,0.43857469
2026-06-05 17:14:00,62724.49,62726.38,62675.48,62703.0,2.85012456
2026-06-05 17:15:00,62702.0,62702.0,62646.0,62646.0,1.88212493
2026-06-05 17:16:00,62614.83,62633.16,62568.74,62577.44,6.36580559
2026-06-05 17:17:00,62580.0,62586.36,62550.0,62560.51,1.75124713
2026-06-05 17:18:00,62554.87,62565.31,62518.85,62539.31,6.32070404
2026-06-05 17:19:00,62539.3,62543.0,62503.82,62514.91,1.30024772
2026-06-05 17:20:00,62514.65,62547.0,62510.67,62537.01,0.87322046
2026-06-05 17:21:00,62533.53,62579.61,62533.53,62568.43,7.93866991
2026-06-05 17:22:00,62568.42,62577.82,62531.88,62544.39,5.8029976
2026-06-05 17:23:00,62544.38,62559.0,62450.25,62495.96,4.45334717
2026-06-05 17:24:00,62505.21,62510.87,62486.43,62486.43,0.58583968
2026-06-05 17:25:00,62497.82,62554.84,62497.82,62550.0,2.41571229
2026-06-05 17:26:00,62528.72,62543.73,62492.17,62512.54,0.70008621
2026-06-05 17:27:00,62515.85,62528.0,62493.0,62528.0,0.53414092
2026-06-05 17:28:00,62516.0,62516.0,62488.91,62503.0,1.41595414
2026-06-05 17:29:00,62506.99,62583.99,62506.99,62535.0,12.06669244
2026-06-05 17:30:00,62531.0,62600.09,62531.0,62569.17,10.28361881
2026-06-05 17:31:00,62568.56,62583.97,62529.03,62538.81,8.52554942
2026-06-05 17:32:00,62541.12,62581.65,62516.01,62567.03,11.59077208
2026-06-05 17:33:00,62576.86,62594.85,62510.87,62542.57,12.77655205
2026-06-05 17:34:00,62534.81,62536.31,62507.68,62507.68,0.84132265
2026-06-05 17:35:00,62507.7,62531.59,62472.9,62486.74,1.00659492
2026-06-05 17:36:00,62489.39,62507.0,62392.99,62409.97,0.84175573
2026-06-05 17:37:00,62409.96,62414.74,62373.39,62400.03,1.97435221
2026-06-05 17:38:00,62398.63,62399.01,62328.99,62346.0,1.079402
2026-06-05 17:39:00,62348.0,62380.91,62324.75,62330.0,7.60702862
2026-06-05 17:40:00,62324.73,62377.25,62324.73,62366.44,4.93721046
2026-06-05 17:41:00,62378.99,62391.51,62347.01,62348.9,1.45854171
2026-06-05 17:42:00,62350.85,62381.66,62345.36,62378.71,0.86589753
2026-06-05 17:43:00,62378.71,62511.0,62378.71,62508.15,0.94077065
2026-06-05 17:44:00,62516.02,62657.0,62516.02,62644.0,2.35995162
2026-06-05 17:45:00,62621.96,62621.96,62534.72,62555.6,1.54741624
2026-06-05 17:46:00,62555.07,62592.98,62537.47,62592.98,0.73069315
2026-06-05 17:47:00,62590.47,62600.91,62547.02,62563.0,0.99222825
2026-06-05 17:48:00,62550.9,62561.01,62493.28,62505.0,2.2811691
2026-06-05 17:49:00,62499.92,62548.16,62499.92,62548.16,1.09996209
2026-06-05 17:50:00,62548.16,62558.59,62537.72,62541.82,1.18833792
2026-06-05 17:51:00,62535.16,62543.18,62504.07,62509.0,0.95131795
2026-06-05 17:52:00,62514.72,62514.72,62399.49,62430.94,1.30986443
2026-06-05 17:53:00,62430.93,62464.63,62395.38,62464.63,1.14584708
2026-06-05 17:54:00,62452.37,62479.66,62442.0,62479.66,1.50226979
2026-06-05 17:55:00,62493.83,62493.83,62439.04,62450.65,0.65133092
2026-06-05 17:56:00,62450.65,62466.79,62444.72,62459.15,1.12661277
2026-06-05 17:57:00,62459.16,62488.6,62459.16,62483.01,0.32432036
2026-06-05 17:58:00,62483.0,62511.49,62461.83,62493.95,3.65822191
2026-06-05 17:59:00,62485.82,62512.27,62485.82,62488.53,1.23201978
2026-06-05 18:00:00,62488.53,62488.53,62428.02,62437.99,0.95770917
2026-06-05 18:01:00,62437.99,62437.99,62343.15,62354.0,1.37795154
2026-06-05 18:02:00,62368.97,62389.37,62343.02,62383.28,0.92660842
2026-06-05 18:03:00,62385.68,62385.68,62302.52,62302.52,12.01606972
2026-06-05 18:04:00,62302.51,62339.12,62293.66,62339.12,3.0135432
2026-06-05 18:05:00,62353.44,62433.0,62347.07,62370.0,6.85185356
2026-06-05 18:06:00,62343.99,62389.35,62339.01,62341.96,0.9812308
2026-06-05 18:07:00,62341.0,62380.8,62322.75,62377.73,1.43346498
2026-06-05 18:08:00,62370.96,62370.96,62297.45,62297.46,1.85926859
2026-06-05 18:09:00,62283.35,62301.74,62247.46,62269.0,5.90223605
2026-06-05 18:10:00,62268.0,62280.93,62203.45,62262.0,0.8668252
2026-06-05 18:11:00,62245.0,62311.71,62224.04,62311.71,0.88682863
2026-06-05 18:12:00,62322.25,62322.25,62281.11,62285.64,2.8734867
2026-06-05 18:13:00,62285.36,62294.0,62258.04,62258.04,9.81213982
2026-06-05 18:14:00,62258.35,62277.32,62258.35,62261.6,11.95458672
2026-06-05 18:15:00,62254.02,62271.5,62165.59,62188.34,43.51076139
2026-06-05 18:16:00,62187.78,62289.15,62172.96,62278.67,8.19668799
2026-06-05 18:17:00,62274.36,62361.04,62268.0,62346.59,4.92409014
2026-06-05 18:18:00,62346.59,62422.73,62346.59,62416.14,1.65056827
2026-06-05 18:19:00,62416.15,62444.51,62400.06,62431.0,3.45485873
2026-06-05 18:20:00,62438.53,62456.99,62392.04,62454.83,1.41452917
2026-06-05 18:21:00,62446.68,62463.09,62422.87,62437.01,4.17121322
2026-06-05 18:22:00,62436.99,62555.68,62417.89,62538.16,8.1478678
2026-06-05 18:23:00,62552.0,62567.95,62473.12,62483.36,1.2621986
2026-06-05 18:24:00,62467.07,62467.07,62271.23,62296.97,23.42570468
2026-06-05 18:25:00,62296.97,62335.9,62279.38,62326.16,4.18254181
2026-06-05 18:26:00,62326.16,62359.86,62283.19,62344.02,7.4574883
2026-06-05 18:27:00,62344.02,62395.21,62342.36,62389.56,3.30165738
2026-06-05 18:28:00,62389.56,62437.0,62389.56,62408.56,5.81229395
2026-06-05 18:29:00,62404.0,62436.0,62390.84,62407.0,1.20626077
2026-06-05 18:30:00,62413.36,62466.61,62398.29,62459.38,1.8900474
2026-06-05 18:31:00,62462.99,62462.99,62315.45,62315.45,1.18951276
2026-06-05 18:32:00,62310.71,62318.45,62236.13,62274.07,0.85163464
2026-06-05 18:33:00,62265.28,62311.23,62230.01,62311.23,1.36418798
2026-06-05 18:34:00,62307.46,62337.62,62300.0,62300.0,0.63791871
2026-06-05 18:35:00,62300.0,62324.14,62282.95,62305.54,0.82236239
2026-06-05 18:36:00,62316.25,62316.25,62241.36,62260.0,0.62273887
2026-06-05 18:37:00,62258.97,62260.0,62209.97,62226.33,7.84948439
2026-06-05 18:38:00,62250.03,62253.55,62212.93,62253.55,0.438186
2026-06-05 18:39:00,62246.0,62257.99,62204.87,62239.0,3.3512264
2026-06-05 18:40:00,62236.27,62248.96,62142.09,62192.2,1.68840756
2026-06-05 18:41:00,62184.63,62184.63,62153.79,62160.91,0.77638875
2026-06-05 18:42:00,62166.3,62189.58,62149.76,62165.01,0.51322106
2026-06-05 18:43:00,62158.63,62165.98,62124.47,62124.47,0.73754779
2026-06-05 18:44:00,62119.69,62119.69,62058.1,62058.1,1.97980934
2026-06-05 18:45:00,62036.8,62069.99,61965.02,61986.94,1.77894388
2026-06-05 18:46:00,61982.29,62149.92,61982.29,62141.63,2.90482261
2026-06-05 18:47:00,62133.9,62141.73,62104.62,62109.41,0.72630315
2026-06-05 18:48:00,62104.78,62211.39,62103.2,62192.1,0.73450163
2026-06-05 18:49:00,62166.75,62167.41,62082.08,62128.89,2.11644944
2026-06-05 18:50:00,62128.25,62156.61,62125.1,62152.97,1.64199501
2026-06-05 18:51:00,62161.89,62161.89,62083.42,62139.27,1.88556117
2026-06-05 18:52:00,62140.42,62168.0,62067.95,62083.74,32.66392972
2026-06-05 18:53:00,62083.74,62083.74,62032.0,62058.0,2.88235113
2026-06-05 18:54:00,62047.74,62047.75,61945.01,61957.88,2.5072712
2026-06-05 18:55:00,61959.96,61998.29,61948.01,61998.0,2.55221005
2026-06-05 18:56:00,61998.01,62037.37,61998.01,62024.99,2.33266723
2026-06-05 18:57:00,62022.91,62026.2,61977.01,61984.18,0.78213201
2026-06-05 18:58:00,61980.05,62025.58,61975.29,61980.75,1.83778076
2026-06-05 18:59:00,61977.0,61977.0,61905.2,61905.2,2.85810039
2026-06-05 19:00:00,61900.41,61934.17,61848.92,61904.2,5.48187298
2026-06-05 19:01:00,61881.58,61891.51,61675.76,61697.02,7.10325204
2026-06-05 19:02:00,61680.16,61774.69,61647.9,61715.82,3.56898322
2026-06-05 19:03:00,61774.7,61805.18,61606.32,61617.21,13.68742683
2026-06-05 19:04:00,61630.16,61639.57,61585.69,61588.38,1.95337936
2026-06-05 19:05:00,61590.66,61768.2,61590.66,61756.0,12.50303348
2026-06-05 19:06:00,61767.24,62094.98,61749.21,62094.74,4.01555596
2026-06-05 19:07:00,62063.86,62135.64,62046.01,62074.94,6.70965199
2026-06-05 19:08:00,62074.94,62105.99,62009.54,62023.71,0.62905817
2026-06-05 19:09:00,62025.28,62053.4,61970.45,61997.88,1.36926045
2026-06-05 19:10:00,61997.27,62137.33,61970.15,62137.33,0.88278738
2026-06-05 19:11:00,62135.48,62229.65,62121.54,62121.54,0.96023605
2026-06-05 19:12:00,62050.94,62087.09,62043.95,62081.86,1.88401691
2026-06-05 19:13:00,62064.56,62153.83,62058.31,62123.21,0.64479175
2026-06-05 19:14:00,62130.22,62142.18,62081.0,62091.36,0.27754518
2026-06-05 19:15:00,62091.36,62196.81,62091.36,62170.62,0.88793243
2026-06-05 19:16:00,62187.63,62187.64,62109.93,62145.69,0.69859459
2026-06-05 19:17:00,62172.95,62219.39,62142.3,62192.21,0.69953025
2026-06-05 19:18:00,62210.98,62285.33,62172.42,62274.7,2.18106384
2026-06-05 19:19:00,62256.38,62308.63,62246.01,62279.72,2.44919713
2026-06-05 19:20:00,62256.02,62274.69,62164.92,62184.28,0.33354171
2026-06-05 19:21:00,62188.84,62206.65,62151.72,62152.82,0.77942094
2026-06-05 19:22:00,62148.67,62213.46,62105.35,62197.93,0.76712783
2026-06-05 19:23:00,62221.01,62284.5,62205.47,62284.5,2.47610159
2026-06-05 19:24:00,62291.26,62404.1,62265.96,62351.0,1.21007516
2026-06-05 19:25:00,62323.86,62323.86,62205.47,62232.73,0.96630785
2026-06-05 19:26:00,62244.9,62265.54,62211.76,62256.08,0.89423507
2026-06-05 19:27:00,62242.61,62242.61,62156.93,62156.93,0.78093268
2026-06-05 19:28:00,62156.92,62197.9,62107.47,62133.65,2.27417652
2026-06-05 19:29:00,62133.64,62204.84,62097.64,62148.34,5.53807104
2026-06-05 19:30:00,62193.46,62335.19,62000.09,62018.9,8.00531881
2026-06-05 19:31:00,61999.73,62012.69,61757.07,61821.52,10.31936899
2026-06-05 19:32:00,61800.66,61920.97,61767.19,61875.54,2.22579019
2026-06-05 19:33:00,61899.99,61910.94,61780.73,61851.36,2.86136161
2026-06-05 19:34:00,61796.0,61907.99,61700.01,61700.01,2.14906966
2026-06-05 19:35:00,61700.0,61728.0,61628.89,61628.89,4.51344021
2026-06-05 19:36:00,61645.44,61724.42,61561.02,61724.42,3.77440067
2026-06-05 19:37:00,61734.61,61921.17,61710.01,61921.17,3.05460105
2026-06-05 19:38:00,61930.9,61955.47,61852.64,61926.1,4.58434637
2026-06-05 19:39:00,61920.78,62019.41,61864.05,61870.86,2.02163613
2026-06-05 19:40:00,61870.87,61897.0,61787.0,61852.47,2.66259575
2026-06-05 19:41:00,61885.68,61903.54,61885.68,61903.54,0.00873735
